Cách nấu bún riêu cua chay cực ngon đậm đà cho bữa ăn cuối tuần|Cách chọn mua nguyên liệu tươi ngon
Cách chọn mua các loại nấm tươi ngon

Khi mua bạn nên ưu tiên chọn mua nấm vừa mới hái, còn ít đất cát trên thân thường sẽ được bán tại các chợ truyền thống.
Chọn mua nấm có mùi thơm đặc trưng không bị dập nát, chảy nước, mềm nhũn khi chạm vào.
Không mua những nấm có mùi lạ, màu vàng vì những cây nấm này đã hư và không thể sử dụng được.
Để món ăn được hấp dẫn và ngon hơn bạn có thể sử dụng bất kì loại nấm nào bạn và gia đình bạn yêu thích như: nấm linh chi, nấm đùi gà, nấm bào ngư,...
Cách chọn mua đậu hũ ngon, không thạch cao

Đậu hũ ngon không thạch cao sẽ có màu trắng ngà, khi cầm lên sẽ cảm thấy nhẹ tay, mịn màng và có mùi đậu nành thơm ngon.
Không chọn những miếng đậu hũ có hiện tượng ngả vàng, cầm lên thấy nặng tay và có mùi vôi vì những miếng đậu này có trộn thêm thạch cao, sẽ rất không tốt cho sức khỏe.|https://cdn.tgdd.vn/2020/08/CookProduct/Untitled-1-1200x676-10.jpg

Tổng hợp các món ăn kỵ nhau gây nguy hiểm khi ăn|1. Rau chân vịt và đậu nành
Có rất nhiều người thích ăn đậu nành kèm với rau chân vịt, nhưng món ăn này được cảnh báo là sự kết hợp gây nguy hại cho dạ dày của bạn. Vì có lượng lớn axit oxalic trong rau chân vịt, khi vô tình tác dụng với đậu nành giàu chất canxi sẽ hình thành chất canxi oxalat - một chất kết tủa không tan trong dạ dày.

2. Đậu nành và hành lá 
Đậu nành từ trước đến nay luôn được biết là thực phẩm chứa rất nhiều chất dinh dưỡng như canxi hay protein có lợi cho cơ thể, ngược lại, hành lá chứa nhiều axit oxalic. Khi bạn kết hợp các món ăn kỵ nhau này, canxi trong đậu nành sẽ bị phân hủy bởi trong hành lá có chứa lượng lớn axit oxalic. Điều này làm quá trình cơ thể hấp thụ canxi suy giảm một cách đáng kể. Nếu bạn thờ ơ với vấn đề này, nó có thể khiến cho chất kết tủa không tan dần sản sinh trong dạ dày. 
3. Sữa đậu nành và trứng 
Trứng là một trong những nguồn protein dồi dào cung cấp cho sức khỏe của bạn. Tuy nhiên, sữa đậu nành có khả năng ức chế enzyme protease vận hành. Enzyme này có đóng vai trò thúc đẩy quá trình trao đổi chất. Do đó, các món ăn kỵ nhau này sẽ làm mất đi công dụng có lợi và vô tình khiến sữa đậu nành trở thành tác nhân ngăn cơ thể hấp thụ tất cả protein trong trứng.

4. Sữa chua và thịt giăm bông
Sữa chua được đánh giá là một món ăn giàu dưỡng chất và vô cùng có lợi cho sức khỏe. Tuy nhiên, sữa chua vẫn có khả năng gây ung thư nếu kết hợp cùng với các món ăn kỵ nhau, cụ thể là thịt giăm bông. Người cung cấp thịt thường thêm nitrat vào thịt để tránh nhiễm vi khuẩn botulinum, một protein và độc tố thần kinh giúp bảo quản thực phẩm. 

Tuy nhiên, nitrat cũng giúp làm chậm quá trình thịt thối rữa và hư hỏng, giúp kéo dài thời gian bảo quản của thịt. Khi sữa chua kết hợp với thịt sẽ tạo ra nitrosamine và carcinogen, cả hai đều là chất gây ung thư.

5. Dưa hấu và thịt
Đối với cơ thể, thịt thường được phân loại vào nhóm thực phẩm “nóng”, còn dưa hấu lại thuộc nhóm làm “mát”. Chính vì sự mâu thuẫn này mà cộng lại, hiệu quả dinh dưỡng của thịt bị giảm đi rất nhiều. Không những vậy, các món ăn kỵ nhau này thậm chí có thể ảnh hưởng cho những người mắc bệnh lá lách yếu và tạo ảnh hưởng lớn đến dạ dày của bạn.|https://login.medlatec.vn//ImagePath/images/20220827/20220827_Hanh-la-va-dau-nanh-la-hai-loai-thuc-pham-ky-nhau.jpg   

Cảm nhận tinh hoa trong ẩm thực vùng sông nước Nam Bộ|Người Nam Bộ thường có thói quen chế biến món ăn và ăn ngay tại chỗ , nên tính hoang dã ở đây thể hiện ở việc các món ăn gắn với không gian của một khoảng vườn, mảnh ruộng , bờ ao. Món cá lóc nướng trui hoặc một nồi canh chua cá lóc được nấu ngay sau buổi tát đìa bắt cá là một minh chứng rõ nét cho điều này. Sao lại nói vậy, bởi, mọi thứ đều là cây nhà lá vườn, tát đìa xong người ta dựa những con cá lóc to đem nấu canh chua. Mọi thứ như bạc hà , cà chua , ớt …đều có sẵn gần đó không phải ra chợ mua. Khi chín chỉ chặt lá chuối tươi để lót nồi và làm dĩa đựng cá , thêm một chén muối ớt để chấm cá là đã có được một món canh chua cá lóc của một gia đình Nam Bộ giữa một đồng ruộng mênh mông.|https://pastaxi-manager.onepas.vn/content/uploads/articles/ngocdang/Blog/mon-ngon-sai-thanh-3/7.jpg